Domain,Status,Attractiveness,Demand,Length,Sectors,Created,Expires,Registrar
second.insure,available,120,23%,6,"General,Mathematics",,,
tenth.insure,available,116,7%,5,Mathematics,,,
zero.insure,available,112,49%,4,Mathematics,,,
eight.insure,available,102,23%,5,"General,Mathematics",,,
crack.insure,available,100,20%,5,Sports,,,
third.insure,available,100,16%,5,Mathematics,,,
ninth.insure,available,100,9%,5,Mathematics,,,
sixth.insure,available,100,8%,5,Mathematics,,,
eighth.insure,available,100,6%,6,Mathematics,,,
nought.insure,available,92,4%,6,Mathematics,,,
twentieth.insure,available,92,3%,9,Mathematics,,,
leash.insure,available,90,7%,5,"General,Health and Fitness,Retail",,,
fifteen.insure,available,88,13%,7,Mathematics,,,
eleven.insure,available,88,33%,6,Mathematics,,,
hundred.insure,available,88,14%,7,Mathematics,,,
sixteen.insure,available,88,11%,7,Mathematics,,,
three.insure,available,88,24%,5,Mathematics,,,
twelve.insure,available,88,18%,6,"General,Mathematics",,,
xix.insure,available,86,11%,3,Mathematics,,,
cipher.insure,available,86,29%,6,Mathematics,,,
xiv.insure,available,86,12%,3,Mathematics,,,
twentyone.insure,available,84,13%,10,Mathematics,,,
thirteen.insure,available,84,10%,8,Mathematics,,,
nineteen.insure,available,84,8%,8,Mathematics,,,
seventeen.insure,available,84,7%,9,Mathematics,,,
twentytwo.insure,available,84,11%,10,Mathematics,,,
thousand.insure,available,84,8%,8,Mathematics,,,
fourteen.insure,available,84,8%,8,Mathematics,,,
dozen.insure,available,82,10%,5,Mathematics,,,
fivesome.insure,available,82,1%,8,Sports,,,
decade.insure,available,82,10%,6,Mathematics,,,
trio.insure,available,80,21%,4,Entertainment,,,
twenty.insure,available,80,12%,6,Mathematics,,,
forty.insure,available,80,9%,5,Mathematics,,,
seventh.insure,available,80,10%,7,Mathematics,,,
yard.insure,available,80,26%,4,"Construction,General",,,
nine.insure,available,80,24%,4,"General,Mathematics",,,
twentysix.insure,available,78,8%,10,Mathematics,,,
sixtynine.insure,available,78,8%,10,Mathematics,,,
eighteen.insure,available,76,7%,8,Mathematics,,,
thousandth.insure,available,76,1%,10,Mathematics,,,
hundredth.insure,available,76,1%,9,Mathematics,,,
nineteenth.insure,available,76,3%,10,Mathematics,,,
fourteenth.insure,available,76,1%,10,Mathematics,,,
fifteenth.insure,available,76,2%,9,Mathematics,,,
thirteenth.insure,available,76,4%,10,Mathematics,,,
threed.insure,available,76,7%,7,Technology,,,
single.insure,available,74,19%,6,Sports,,,
sixtieth.insure,available,72,1%,8,Mathematics,,,
eightieth.insure,available,72,1%,9,Mathematics,,,
liv.insure,available,72,27%,3,Mathematics,,,
ternary.insure,resell,72,7%,7,Mathematics,12/08/2024 08:44,12/08/2026 08:44,"Sav.com, LLC"
trey.insure,available,72,14%,4,Sports,,,
seventieth.insure,available,72,1%,10,Mathematics,,,
ninetieth.insure,available,72,1%,9,Mathematics,,,
trinity.insure,available,72,18%,7,Religion,,,
tiptop.insure,available,70,24%,6,Fashion,,,
fortieth.insure,available,68,0%,8,Mathematics,,,
ennead.insure,available,68,5%,6,Mathematics,,,
octonary.insure,available,68,1%,8,Mathematics,,,
threesome.insure,available,68,5%,9,Entertainment,,,
septenary.insure,available,68,1%,9,Mathematics,,,
fiftieth.insure,available,68,0%,8,Mathematics,,,
foursome.insure,available,68,4%,8,Sports,,,
thirtieth.insure,available,68,1%,9,Mathematics,,,
sevener.insure,available,68,1%,7,Mathematics,,,
ane.insure,available,68,12%,3,Mathematics,,,
xxv.insure,available,66,6%,3,Mathematics,,,
xxvi.insure,available,66,3%,4,Mathematics,,,
xviii.insure,available,66,5%,5,Mathematics,,,
xiii.insure,available,66,9%,4,Mathematics,,,
ninety.insure,available,66,11%,6,Mathematics,,,
tenner.insure,available,66,5%,6,Finance,,,
deuce.insure,available,66,9%,5,Sports,,,
acappella.insure,available,66,6%,10,Entertainment,,,
xvii.insure,available,66,5%,4,Mathematics,,,
onec.insure,available,66,6%,5,Mathematics,,,
xxi.insure,available,66,10%,3,Mathematics,,,
xvi.insure,available,66,5%,3,Mathematics,,,
fifty.insure,available,66,12%,5,Mathematics,,,
eighty.insure,available,66,6%,6,Mathematics,,,
xii.insure,available,66,10%,3,Mathematics,,,
five.insure,available,66,26%,4,Mathematics,,,
sextet.insure,available,66,1%,6,Entertainment,,,
clv.insure,available,66,10%,3,Mathematics,,,
xxii.insure,available,66,6%,4,Mathematics,,,
thirty.insure,available,66,8%,6,Mathematics,,,
twodozen.insure,available,62,1%,9,Mathematics,,,
eighteenth.insure,available,62,1%,10,Mathematics,,,
chiliad.insure,available,62,2%,7,Mathematics,,,
fortyfour.insure,available,62,6%,10,Mathematics,,,
longdozen.insure,available,62,2%,10,Mathematics,,,
sixteenth.insure,available,62,1%,9,Mathematics,,,
eleventh.insure,available,62,5%,8,Mathematics,,,
troika.insure,available,62,8%,6,Politics,,,
quartet.insure,available,62,7%,7,"Arts,Entertainment",,,
clxxx.insure,available,60,1%,5,Mathematics,,,
xcl.insure,available,60,5%,3,Mathematics,,,
clxv.insure,available,60,1%,4,Mathematics,,,
cxxv.insure,available,60,1%,4,Mathematics,,,
tertiary.insure,available,60,4%,8,Education,,,
sixty.insure,available,60,13%,5,Mathematics,,,
clx.insure,available,60,10%,3,Mathematics,,,
cxlv.insure,available,60,2%,4,Mathematics,,,
eightysix.insure,available,60,7%,10,Mathematics,,,
clxxv.insure,available,60,1%,5,Mathematics,,,
cxv.insure,available,60,4%,3,Mathematics,,,
thou.insure,available,60,7%,4,Mathematics,,,
clxx.insure,available,60,3%,4,Mathematics,,,
cxxx.insure,available,60,4%,4,Mathematics,,,
cxx.insure,available,60,10%,3,Mathematics,,,
cxxxv.insure,available,60,2%,5,Mathematics,,,
cxl.insure,available,60,7%,3,Mathematics,,,
alacarte.insure,available,58,11%,10,Food and Beverage,,,
pentad.insure,available,58,2%,6,Mathematics,,,
lxxx.insure,available,58,2%,4,Mathematics,,,
fourscore.insure,available,58,4%,9,Mathematics,,,
sextuplet.insure,available,58,1%,9,Healthcare,,,
heptad.insure,available,58,1%,6,Mathematics,,,
niner.insure,available,58,5%,5,Mathematics,,,
twelfth.insure,available,58,2%,7,Mathematics,,,
fifth.insure,available,58,12%,5,Mathematics,,,
seven.insure,available,58,36%,5,Mathematics,,,
hexad.insure,available,58,4%,5,Mathematics,,,
super.insure,resell,58,47%,5,Business,04/05/2025 10:08,04/05/2026 10:08,"NameSilo, LLC"
octad.insure,available,58,5%,5,Mathematics,,,
sixtyone.insure,available,58,3%,9,Mathematics,,,
sixer.insure,available,58,5%,5,Sports,,,
cypher.insure,available,58,29%,6,Mathematics,,,
eighter.insure,available,58,2%,7,Mathematics,,,
tetrad.insure,available,58,5%,6,Mathematics,,,
centesimal.insure,available,58,1%,10,Mathematics,,,
seventy.insure,available,58,7%,7,Mathematics,,,
fourth.insure,available,58,13%,6,Mathematics,,,
xliv.insure,available,56,2%,4,Mathematics,,,
xlviii.insure,available,56,1%,6,Mathematics,,,
lvi.insure,available,56,8%,3,Mathematics,,,
lii.insure,available,56,7%,3,Mathematics,,,
lviii.insure,available,56,1%,5,Mathematics,,,
xxxiv.insure,available,56,1%,5,Mathematics,,,
fortytwo.insure,available,56,17%,9,Mathematics,,,
fiftyfive.insure,available,56,7%,10,Mathematics,,,
xxxvii.insure,available,56,2%,6,Mathematics,,,
xxxv.insure,available,56,4%,4,Mathematics,,,
thirtytwo.insure,available,56,5%,10,Mathematics,,,
xli.insure,available,56,5%,3,Mathematics,,,
fiftysix.insure,available,56,4%,9,Mathematics,,,
xxviii.insure,available,56,1%,6,Mathematics,,,
xlvii.insure,available,56,2%,5,Mathematics,,,
liii.insure,available,56,4%,4,Mathematics,,,
fiftyfour.insure,available,56,3%,10,Mathematics,,,
fiftynine.insure,available,56,4%,10,Mathematics,,,
xxxvi.insure,available,56,1%,5,Mathematics,,,
halfdozen.insure,available,56,1%,10,Mathematics,,,
xxix.insure,available,56,4%,4,Mathematics,,,
ilx.insure,available,56,5%,3,Mathematics,,,
xxxviii.insure,available,56,1%,7,Mathematics,,,
xlii.insure,available,56,5%,4,Mathematics,,,
xlvi.insure,available,56,3%,4,Mathematics,,,
xliii.insure,available,56,1%,5,Mathematics,,,
xxiii.insure,available,56,5%,5,Mathematics,,,
xxvii.insure,available,56,3%,5,Mathematics,,,
fortyone.insure,available,56,4%,9,Mathematics,,,
fiftyone.insure,available,56,7%,9,Mathematics,,,
xxxii.insure,available,56,1%,5,Mathematics,,,
xxiv.insure,available,56,5%,4,Mathematics,,,
fortynine.insure,available,56,3%,10,Mathematics,,,
thirtyone.insure,available,56,5%,10,Mathematics,,,
lvii.insure,available,56,1%,4,Mathematics,,,
fiftytwo.insure,available,56,6%,9,Mathematics,,,
aone.insure,available,56,15%,5,Food and Beverage,,,
fortysix.insure,available,56,3%,9,Mathematics,,,
xxxi.insure,available,56,9%,4,Mathematics,,,
xxxiii.insure,available,56,2%,6,Mathematics,,,
xlv.insure,available,56,6%,3,Mathematics,,,
thirtysix.insure,available,56,5%,10,Mathematics,,,
fortyfive.insure,available,54,4%,10,Mathematics,,,
deuceace.insure,available,54,2%,9,Sports,,,
topnotch.insure,available,54,18%,8,Business,,,
quatern.insure,available,54,2%,7,Mathematics,,,
quaternity.insure,available,54,4%,10,Mathematics,,,
quaternion.insure,available,54,6%,10,Mathematics,,,
threescore.insure,available,54,1%,10,Mathematics,,,
viii.insure,available,54,6%,4,Mathematics,,,
vii.insure,available,54,13%,3,Mathematics,,,
twoscore.insure,available,54,2%,8,Mathematics,,,
ninetysix.insure,available,52,4%,10,Mathematics,,,
lxviii.insure,available,52,1%,6,Mathematics,,,
lxxxvii.insure,available,52,1%,7,Mathematics,,,
lxxiii.insure,available,52,1%,6,Mathematics,,,
lxxiv.insure,available,52,1%,5,Mathematics,,,
sixtytwo.insure,available,52,3%,9,Mathematics,,,
ixl.insure,available,52,9%,3,Mathematics,,,
lxxv.insure,available,52,1%,4,Mathematics,,,
xcvii.insure,available,52,1%,5,Mathematics,,,
eightytwo.insure,available,52,4%,10,Mathematics,,,
lxxxv.insure,available,52,1%,5,Mathematics,,,
lxiv.insure,available,52,3%,4,Mathematics,,,
sixtyfive.insure,available,52,3%,10,Mathematics,,,
lxxxiii.insure,available,52,1%,7,Mathematics,,,
lxvi.insure,available,52,3%,4,Mathematics,,,
xcii.insure,available,52,2%,4,Mathematics,,,
sixtysix.insure,available,52,4%,9,Mathematics,,,
lxxi.insure,available,52,1%,4,Mathematics,,,
lxxvii.insure,available,52,2%,6,Mathematics,,,
sixtyfour.insure,available,52,3%,10,Mathematics,,,
lxxxiv.insure,available,52,1%,6,Mathematics,,,
xcviii.insure,available,52,1%,6,Mathematics,,,
lxii.insure,available,52,1%,4,Mathematics,,,
xcv.insure,available,52,7%,3,Mathematics,,,
ninetytwo.insure,available,52,4%,10,Mathematics,,,
lxxxi.insure,available,52,1%,5,Mathematics,,,
xciii.insure,available,52,1%,5,Mathematics,,,
lxxxii.insure,available,52,1%,6,Mathematics,,,
xciv.insure,available,52,2%,4,Mathematics,,,
eightyone.insure,available,52,3%,10,Mathematics,,,
ninetyone.insure,available,52,5%,10,Mathematics,,,
lxxxvi.insure,available,52,1%,6,Mathematics,,,
lxv.insure,available,52,5%,3,Mathematics,,,
ixc.insure,available,52,5%,3,Mathematics,,,
lxxii.insure,available,52,1%,5,Mathematics,,,
xci.insure,available,52,4%,3,Mathematics,,,
lxiii.insure,available,52,2%,5,Mathematics,,,
lxxvi.insure,available,52,1%,5,Mathematics,,,
lxi.insure,available,52,5%,3,Mathematics,,,
xcvi.insure,available,52,2%,4,Mathematics,,,
lxvii.insure,available,52,1%,5,Mathematics,,,
cinque.insure,available,50,7%,6,Mathematics,,,
triplet.insure,available,50,8%,7,Science,,,
ogdoad.insure,available,50,1%,6,Mathematics,,,
lxx.insure,available,50,5%,3,Mathematics,,,
lxxxviii.insure,available,48,1%,8,Mathematics,,,
quaternary.insure,available,46,3%,10,Mathematics,,,